frame,divergence,vorticity,cfl,max_speed,kinetic_energy,rhs_ms,pressure_ms,projection_ms,advection_ms,diffusion_ms,walls_ms,total_ms
1,59.99793064003644,3988.1822843676237,0.650006944477621,6.50006944477621,23.93648668137296,0.13070000568404794,0.17080000543501228,0.044599990360438824,0.36440000985749066,0.05040000542066991,0.007499998901039362,0.7723000016994774
2,44.74169513515521,3823.005365133166,0.6240611879255615,6.240611879255615,21.720650267777433,0.04780000017490238,0.09020000288728625,0.021799991372972727,0.1981999957934022,0.02849999873433262,0.003000008291564882,0.3909999941242859
3,37.8301621904701,3707.412732515097,0.6344002057074373,6.3440020570743725,20.106253091089766,0.029499991796910763,0.06479999865405262,0.02059999678749591,0.1897000038297847,0.027999994927085936,0.002700006007216871,0.33650000113993883
4,33.25114474815404,3605.3619082934347,0.6305147660318207,6.305147660318207,18.80894352045094,0.028599999495781958,0.14879999798722565,0.0219999928958714,0.5754000012530014,0.06259999645408243,0.007099995855242014,0.8473000052617863
5,30.171219688210183,3511.0116126791636,0.6200400268029175,6.200400268029175,17.717162852330926,0.06970000686123967,0.14450000890064985,0.03720000677276403,0.26339999749325216,0.032500000088475645,0.004699992132373154,0.5549999914364889
6,27.501967125350625,3424.5126723685203,0.615846269546359,6.158462695463591,16.772629614157715,0.032800002372823656,0.08509999315720052,0.022899999748915434,0.195999993593432,0.028599999495781958,0.003000008291564882,0.37009999505244195
7,25.244437349402997,3343.999408892449,0.6043180494779998,6.043180494779999,15.940119550573115,0.029600007110275328,0.06479999865405262,0.02030000905506313,0.18909999926108867,0.027300004148855805,0.002800006768666208,0.33510000503156334
8,23.37272772378169,3269.3648977000776,0.5881493760382599,5.881493760382599,15.19602193698561,0.028399997972883284,0.07110000296961516,0.02929999027401209,0.2707000094233081,0.033200005418621004,0.004399989848025143,0.4393999988678843
9,21.771355336735994,3199.70954651212,0.5695288804932557,5.695288804932557,14.524027715818395,0.03770001058001071,0.08180001168511808,0.022499996703118086,0.19690000044647604,0.027799993404187262,0.002900007530115545,0.3710999881150201
10,20.40496550625719,3134.812528892157,0.5535846724885136,5.535846724885136,13.912325382278462,0.02950000634882599,0.06399999256245792,0.020899999071843922,0.22030000400263816,0.027299989596940577,0.002900007530115545,0.36630000977311283
11,19.18344008062987,3073.9202321331795,0.5425033707140612,5.425033707140612,13.351880141953593,0.028800001018680632,0.0627999979769811,0.020099992980249226,0.1883999939309433,0.026699999580159783,0.0026000052457675338,0.33059999987017363
12,18.088462666691093,3017.040719820252,0.5301376681527125,5.301376681527125,12.835368722359226,0.028299997211433947,0.060699996538460255,0.019700004486367106,0.1883999939309433,0.026900001103058457,0.0026000052457675338,0.32780000765342265
13,17.0997020316236,2963.1521631631513,0.5170275300720604,5.170275300720604,12.357112779456859,0.02780000795610249,0.0633999879937619,0.02020000829361379,0.1866999955382198,0.026699999580159783,0.0025999906938523054,0.32869999995455146
14,16.179631031574516,2911.6868929445354,0.5035723055388568,5.035723055388568,11.912553992014711,0.02819999644998461,0.059600002714432776,0.02020000829361379,0.18700001237448305,0.026599998818710446,0.0026999914553016424,0.3254000039305538
15,15.332043045446596,2862.9115460848916,0.49005130766263566,4.900513076626357,11.497800883837328,0.027999994927085936,0.05950000195298344,0.020000006770715117,0.18760000239126384,0.026400011847727,0.0025999906938523054,0.3251000016462058
16,14.572175567251636,2816.9200564959483,0.47665470910015584,4.766547091001558,11.109559911464675,0.028399997972883284,0.05990000499878079,0.01999999221879989,0.19040000915993005,0.02649999805726111,0.0024999899324029684,0.32890000147745013
17,13.864343372700894,2772.7242685934457,0.4635079429830458,4.6350794298304585,10.745183134064137,0.027799993404187262,0.05909999890718609,0.019800005247816443,0.18610000552143902,0.026400011847727,0.0024999899324029684,0.3228999994462356
18,13.215405623083548,2730.548078480201,0.4506939490656567,4.506939490656567,10.402352046188028,0.027700007194653153,0.05909999890718609,0.020099992980249226,0.19289999909233302,0.026900001103058457,0.0026000052457675338,0.3302000113762915
19,12.60797756897372,2689.6793098848893,0.44046800442966194,4.40468004429662,10.07904284015924,0.027699992642737925,0.05950000195298344,0.019700004486367106,0.1866999955382198,0.02649999805726111,0.0026999914553016424,0.3237999917473644
20,12.052528806051566,2650.3556283589196,0.4315472547855013,4.3154725478550136,9.773500288004923,0.027599991881288588,0.058999998145736754,0.01960000372491777,0.18709999858401716,0.026399997295811772,0.0025000044843181968,0.32360000477638096
21,11.554088138575377,2612.664144223265,0.4226480958306821,4.226480958306821,9.484211703224942,0.027799993404187262,0.08600000001024455,0.019700004486367106,0.18709999858401716,0.026599998818710446,0.0025999906938523054,0.35069999285042286
22,11.077508604039796,2576.219553301161,0.4138240796512387,4.138240796512387,9.209869760961343,0.027600006433203816,0.058999998145736754,0.01999999221879989,0.2035000070463866,0.026599998818710446,0.0026999914553016424,0.3403000009711832
23,10.63602007956301,2541.0495001657546,0.40511502959339335,4.051150295933933,8.949307599019326,0.028399997972883284,0.05919999966863543,0.01960000372491777,0.18649999401532114,0.026699999580159783,0.0026999914553016424,0.3242999955546111
24,10.217795878501843,2507.55489974602,0.3965509504296283,3.965509504296283,8.701480533496392,0.027400004910305142,0.05839999357704073,0.019500002963468432,0.18570000247564167,0.0261999957729131,0.002700006007216871,0.3209000133210793
25,9.826671675941917,2475.356594702119,0.3881537166765018,3.8815371667650176,8.46542160978912,0.027699992642737925,0.1593000051798299,0.05950000195298344,0.7747000054223463,0.07559999357908964,0.010700008715502918,1.1116999958176166
26,9.459002879971493,2444.1745989169394,0.379937986912842,3.79937986912842,8.240260352630223,0.07259999983943999,0.13339999713934958,0.03840000135824084,0.3299000090919435,0.04369999805931002,0.004299989086575806,0.6255000043893233
27,9.111302328749947,2413.8412902001282,0.3719140237964407,3.7191402379644067,8.025210519472509,0.056599994422867894,0.12159999459981918,0.034900003811344504,0.338400001055561,0.03560000914148986,0.004999994416721165,0.5949000042164698
28,8.78047038544874,2384.3602649360687,0.3640883685853883,3.6408836858538827,7.819565833240987,0.04159999662078917,0.09810000483412296,0.024900000425986946,0.20330000552348793,0.028700000257231295,0.0030999945010989904,0.40160000207833946
29,8.473988265382417,2355.674102184861,0.3564645296644155,3.5646452966441555,7.622702588488721,0.031000003218650818,0.06979999307077378,0.021200001356191933,0.2069000038318336,0.028099995688535273,0.0027999922167509794,0.36130000080447644
30,8.181701383943278,2327.7035416663,0.3490440612072618,3.490440612072618,7.434057840919895,0.02950000634882599,0.06429999484680593,0.020899999071843922,0.18960000306833535,0.028099995688535273,0.0026000052457675338,0.33620001340750605
31,7.899561830840031,2300.4223869221805,0.3418269325320343,3.418269325320343,7.2531203291498345,0.02819999644998461,0.06079999729990959,0.01990000600926578,0.4825999931199476,0.05119999696034938,0.006999995093792677,0.6527000077767298
32,7.630526824624296,2273.85290163961,0.3348117229478814,3.3481172294788144,7.079426181483661,0.05970000347588211,0.14019999071024358,0.036600002204068005,0.3020000003743917,0.04099999205209315,0.0033999967854470015,0.5851000023540109
33,7.38009427956192,2247.965094616312,0.3279959820281917,3.279959820281917,6.9125488977804785,0.03099998866673559,0.07059999916236848,0.02099999983329326,0.19210000755265355,0.03649998689070344,0.003100009053014219,0.35570000181905925
34,7.141715665323689,2222.6841574909167,0.3222421396254617,3.2224213962546178,6.752093765489223,0.02989999484270811,0.06439999560825527,0.020899999071843922,0.1993000041693449,0.02710000262595713,0.0027999922167509794,0.34559999767225236
35,6.9126401054464734,2198.3530139420304,0.3169169404787077,3.1691694047870773,6.59769673003292,0.02890000178012997,0.061700004152953625,0.023899992811493576,0.19069999689236283,0.027000001864507794,0.0026000052457675338,0.3357999958097935
36,6.693989100016003,2174.643324390775,0.3116820912220968,3.116820912220968,6.449022236758675,0.028599999495781958,0.0602000072831288,0.01999999221879989,0.18760000239126384,0.026599998818710446,0.0025999906938523054,0.32669999927747995
37,6.4860271509520615,2151.431486440173,0.30654078375640587,3.0654078375640585,6.305751030431606,0.028299997211433947,0.05980000423733145,0.020099992980249226,0.1880000054370612,0.027799993404187262,0.0026000052457675338,0.3276999923400581
38,6.286931148475409,2128.687482862948,0.30149518233370365,3.0149518233370363,6.167591587625742,0.02820001100189984,0.05989999044686556,0.02020000829361379,0.18770000315271318,0.02720000338740647,0.0026000052457675338,0.3268999862484634
39,6.095795184719886,2106.362073564507,0.29654673135124154,2.965467313512416,6.03427228293443,0.0675999908708036,0.106100007542409,0.044599990360438824,0.3040000010514632,0.041799998143687844,0.00549999822396785,0.5726000090362504
40,5.914978265381276,2084.4434830860573,0.2916963017151597,2.916963017151597,5.905543554957743,0.04600000102072954,0.0923000043258071,0.03169999399688095,0.2700000040931627,0.03979999746661633,0.0042000028770416975,0.48579998838249594
41,5.743660272731088,2062.9219665837663,0.2869442482411242,2.869442482411242,5.781165912287979,0.04429998807609081,0.0875000114319846,0.030100010917522013,0.28709998878184706,0.041400009649805725,0.004799992893822491,0.4965999978594482
42,5.579739116881614,2041.7731178512531,0.28229022802387116,2.822902280238712,5.660920202071571,0.04549999721348286,0.08939999679569155,0.030499999411404133,0.2783000090857968,0.03980001201853156,0.0045000051613897085,0.4896000027656555
43,5.423807858888957,2020.9745244994601,0.2777337255282287,2.777337255282287,5.5446028973782235,0.04449998959898949,0.09220000356435776,0.03169999399688095,0.24280000070575625,0.02780000795610249,0.0031999952625483274,0.44350000098347664
44,5.272638514156819,2000.5389123993966,0.27327395892254025,2.7327395892254027,5.4320252351033265,0.030099996365606785,0.06390000635292381,0.020499996026046574,0.18960000306833535,0.02710000262595713,0.0026000052457675338,0.335000004270114
45,5.127100790458176,1980.5048718118292,0.26890997966896185,2.6890997966896184,5.323005711119226,0.028399997972883284,0.0602000072831288,0.019899991457350552,0.18899999849963933,0.037900012102909386,0.0026999914553016424,0.33900000562425703
46,4.988025264530828,1961.0529333931872,0.26464057401507113,2.6464057401507115,5.217380428628551,0.028599999495781958,0.07009999535512179,0.02920000406447798,0.1897000038297847,0.026900001103058457,0.0024999899324029684,0.3482000029180199
47,4.85363608227878,1941.9497519239824,0.2604643914414638,2.6046439144146385,5.114996191725968,0.06939999002497643,0.08549999620299786,0.024900000425986946,0.23469999723602086,0.029800008633174002,0.0041000021155923605,0.450999999884516
48,4.72327167139504,1923.1293082228972,0.2563799783087646,2.563799783087646,5.0157091706599495,0.031200004741549492,0.06510000093840063,0.02059999678749591,0.2032999909715727,0.027900008717551827,0.0026999914553016424,0.3521000035107136
49,4.598808329613366,1904.5660329028983,0.2523857479948562,2.523857479948562,4.919383605997234,0.028800001018680632,0.06180000491440296,0.019899991457350552,0.18840000848285854,0.02750000567175448,0.002700006007216871,0.3301999968243763
50,4.479371153337148,1886.3027109249333,0.24848001645492043,2.4848001645492044,4.825891341886347,0.028000009479001164,0.06079999729990959,0.020099992980249226,0.18740000086836517,0.02680000034160912,0.002700006007216871,0.3268000000389293
51,4.363798754444481,1868.3127614190976,0.2446610202974186,2.446610202974186,4.735111309742589,0.027900008717551827,0.059699988923966885,0.019800005247816443,0.18699999782256782,0.026599998818710446,0.0025999906938523054,0.32479999936185777
52,4.252454346049615,1850.5835977182205,0.24092696324916804,2.4092696324916805,4.646928708640978,0.027699992642737925,0.0594000011915341,0.019800005247816443,0.1951999875018373,0.026599998818710446,0.002700006007216871,0.33260000054724514
53,4.145416615941949,1833.108141084279,0.2372760236844178,2.372760236844178,4.561234764840055,0.028299997211433947,0.05980000423733145,0.01959998917300254,0.18730000010691583,0.026399997295811772,0.002700006007216871,0.32530000316910446
54,4.041760721133463,1815.8652593437778,0.23370630653095145,2.337063065309515,4.477927425554527,0.027799993404187262,0.05970000347588211,0.020000006770715117,0.18749998707789928,0.026400011847727,0.0025000044843181968,0.32479999936185777
55,3.942009606763907,1798.869793698129,0.23021594038232787,2.302159403823279,4.396910535108684,0.027900008717551827,0.059300000430084765,0.019699989934451878,0.1866000093286857,0.026599998818710446,0.0025999906938523054,0.32360000477638096
56,3.8451663462907586,1782.1570959626574,0.22680302372704428,2.268030237270443,4.318091602624057,0.027600006433203816,0.05909999890718609,0.019699989934451878,0.18670001009013504,0.02649999805726111,0.0025999906938523054,0.32330000249203295
57,3.7513755625520506,1765.794733368712,0.2235399019468623,2.235399019468623,4.2413831382140215,0.027699992642737925,0.05919999966863543,0.019700004486367106,0.18699999782256782,0.026399997295811772,0.0025000044843181968,0.3235000040149316
58,3.661506486243725,1749.8303153295078,0.22044718306700414,2.2044718306700415,4.166702683660086,0.05160000000614673,0.13010000111535192,0.04749999789055437,0.4349999944679439,0.03530000685714185,0.0049000082071870565,0.7077000045683235
59,3.5751135815072956,1734.0610120959768,0.21741402123579695,2.1741402123579694,4.093972626568651,0.037900012102909386,0.08140000863932073,0.022799998987466097,0.20769999537151307,0.027999994927085936,0.003100009053014219,0.3826000029221177
60,3.4920179664847164,1718.4828302199694,0.2144393619255486,2.144393619255486,4.023119518619288,0.02920000406447798,0.06359998951666057,0.020699997548945248,0.19160000374540687,0.02720000338740647,0.0026999914553016424,0.3361999988555908
61,3.4118144282723,1703.0942637778185,0.21152213691919816,2.1152213691919814,3.954073544084548,0.028399997972883284,0.06029999349266291,0.020100007532164454,0.2027000009547919,0.02720000338740647,0.002700006007216871,0.34249998861923814
62,3.3350078668024334,1687.893829816131,0.20866126149180902,2.0866126149180904,3.8867680021409146,0.028299997211433947,0.06859999848529696,0.020499996026046574,0.18909999926108867,0.026900001103058457,0.0025999906938523054,0.33719999191816896
63,3.260382601032049,1672.9480310547076,0.2058877002794087,2.058877002794087,3.8211393960986655,0.028099995688535273,0.05970000347588211,0.020199993741698563,0.18909999926108867,0.026900001103058457,0.0025999906938523054,0.3276999923400581
64,3.1879425378258945,1658.2046847660163,0.2032977299304257,2.032977299304257,3.75712732083691,0.027799993404187262,0.060300008044578135,0.020099992980249226,0.18820000695995986,0.02680000034160912,0.0026999914553016424,0.32700000156182796
65,3.1176875329264435,1643.6569318702736,0.20075220357231743,2.0075220357231744,3.694674208985672,0.027999994927085936,0.059600002714432776,0.019899991457350552,0.18780000391416252,0.026599998818710446,0.0026000052457675338,0.3256999916629866
66,3.0499409228466288,1629.2707171583595,0.19825043557744365,1.9825043557744366,3.633725570878581,0.028300011763349175,0.05990000499878079,0.020000006770715117,0.18849999469239265,0.026599998818710446,0.002700006007216871,0.3268000000389293
67,2.984101543467917,1615.0436287478062,0.1957917441909009,1.957917441909009,3.5742293692268956,0.02820001100189984,0.05950000195298344,0.019700004486367106,0.19469999824650586,0.02680000034160912,0.0026000052457675338,0.33239999902434647
68,2.92013870735545,1600.9733897583842,0.1933754345109807,1.9337543451098071,3.516135957386778,0.0281000102404505,0.05959998816251755,0.01990000600926578,0.18770000315271318,0.026900001103058457,0.0026999914553016424,0.3259999939473346
69,2.8579834416167706,1587.057789602205,0.19100080022523325,1.9100080022523325,3.4593977191092753,0.027600006433203816,0.05889999738428742,0.019800005247816443,0.18740000086836517,0.02649999805726111,0.002700006007216871,0.32390000706072897
70,2.797545538055294,1573.3551057028662,0.18866712173186578,1.8866712173186582,3.4039692310479994,0.028299997211433947,0.05970000347588211,0.027599991881288588,0.24649999977555126,0.03500000457279384,0.0048000074457377195,0.40360000275541097
71,2.7388453365096557,1559.9415308272874,0.18637367057622348,1.863736705762235,3.349807045743805,0.04159999662078917,0.12169999536126852,0.037999998312443495,0.22489999537356198,0.030199997127056122,0.0042000028770416975,0.46300000394694507
72,2.682153547490196,1546.7038891551065,0.18411970902660987,1.8411970902660986,3.2968697011878176,0.03359999391250312,0.07989999721758068,0.02160000440198928,0.1934000028995797,0.027699992642737925,0.002800006768666208,0.36040000850334764
73,2.627172576593451,1533.6377604969045,0.1819045122465778,1.8190451224657782,3.245117083428103,0.02929999027401209,0.06180000491440296,0.020099992980249226,0.2010000025620684,0.02720000338740647,0.0027999922167509794,0.3431999939493835
74,2.573558506409917,1520.7125331680081,0.17972735174947813,1.7972735174947811,3.194510709964528,0.028700000257231295,0.06089999806135893,0.020000006770715117,0.1877999893622473,0.02680000034160912,0.002800006768666208,0.3280000091763213
75,2.5213379680585515,1507.9210830175218,0.17758750008180965,1.7758750008180966,3.145014285141968,0.02820001100189984,0.05970000347588211,0.02020000829361379,0.1880999916465953,0.027000001864507794,0.0026999914553016424,0.32669999927747995
76,2.4705413144518644,1495.2657110953003,0.17548423356152634,1.7548423356152636,3.0965930624701157,0.028000009479001164,0.05959998816251755,0.020000006770715117,0.18780000391416252,0.027000001864507794,0.0025000044843181968,0.3259000077378005
77,2.42157731866925,1482.7933610498621,0.17341684116832895,1.7341684116832896,3.0492136218426773,0.028099995688535273,0.0594000011915341,0.01999999221879989,0.1956000050995499,0.026900001103058457,0.0024999899324029684,0.33349999284837395
78,2.373902755706693,1470.4616080968628,0.17138461387995424,1.7138461387995423,3.0028441830037678,0.028099995688535273,0.05990000499878079,0.01999999221879989,0.18840000848285854,0.02680000034160912,0.0026999914553016424,0.3269000008003786
79,2.327808018354813,1458.2564125242925,0.16938686069590767,1.693868606959077,2.957454224610233,0.027900008717551827,0.059399986639618874,0.019700004486367106,0.18689999706111848,0.026699999580159783,0.002700006007216871,0.324200009345077
80,2.283070345647939,1446.1791591806768,0.16742289714548056,1.6742289714548058,2.9130145096787445,0.027699992642737925,0.05889999738428742,0.019800005247816443,0.2519999979995191,0.03519999154377729,0.0048000074457377195,0.4003999929409474
81,2.239640743368165,1434.229895042844,0.165492051258712,1.6549205125871198,2.869496671996132,0.076299998909235,0.10970000585075468,0.028800001018680632,0.22339999850373715,0.029699993319809437,0.0040000013541430235,0.4744000034406781
82,2.197341404839758,1422.4150903422465,0.16359365126384576,1.6359365126384575,2.8268736893613555,0.03229999856557697,0.07619999814778566,0.021400002879090607,0.19320000137668103,0.027599991881288588,0.002800006768666208,0.35480000951793045
83,2.1561584331613703,1410.7322382080104,0.161727046116868,1.6172704611686801,2.7851196441671195,0.02890000178012997,0.07259999983943999,0.020799998310394585,0.19040000915993005,0.027000001864507794,0.002700006007216871,0.34339999547228217
84,2.115983411952973,1399.219185742713,0.1598915962076815,1.598915962076815,2.744209340077686,0.028299997211433947,0.060300008044578135,0.01999999221879989,0.18869999621529132,0.026900001103058457,0.002700006007216871,0.327900008414872
85,2.0769717791042774,1387.865208112943,0.15808666797882473,1.5808666797882476,2.704118772993985,0.02819999644998461,0.0594000011915341,0.020000006770715117,0.2702999918255955,0.02720000338740647,0.0028999929782003164,0.4091000009793788
86,2.03907502647632,1376.6636335360026,0.15631163748056084,1.5631163748056087,2.6648248436849227,0.028700000257231295,0.06179999036248773,0.020499996026046574,0.1883000077214092,0.026900001103058457,0.0025999906938523054,0.3298999945400283
87,2.0020436505359114,1365.5738965759197,0.15456589878521343,1.5456589878521343,2.6263053805735814,0.0278999941656366,0.06560000474564731,0.020099992980249226,0.18829999316949397,0.028300011763349175,0.0026999914553016424,0.33399999665562063
88,1.9658527980677158,1354.6542897945596,0.15284885621016056,1.5284885621016058,2.5885390600103193,0.027799993404187262,0.05970000347588211,0.01990000600926578,0.1871999993454665,0.026599998818710446,0.0026999914553016424,0.3249000001233071
89,1.9305884433796194,1343.8674991854732,0.1511691810359244,1.5116918103592438,2.5515053687510054,0.02780000795610249,0.058999998145736754,0.019799990695901215,0.18709999858401716,0.026699999580159783,0.0025000044843181968,0.32390000706072897
90,1.896243469095175,1333.2362484621585,0.14956417836946878,1.4956417836946878,2.515184436921289,0.02749999111983925,0.060000005760230124,0.019799990695901215,0.18770000315271318,0.02649999805726111,0.0026000052457675338,0.3251000016462058
91,1.862698405324609,1322.7093483046378,0.14798322470521624,1.4798322470521625,2.479557191933589,0.0278999941656366,0.05879999662283808,0.01990000600926578,0.18730000010691583,0.02649999805726111,0.0025999906938523054,0.3240999940317124
92,1.8300590914282662,1312.3238159863372,0.14642589962105607,1.4642589962105605,2.4446052113323966,0.0281000102404505,0.058999998145736754,0.019799990695901215,0.19210000755265355,0.026599998818710446,0.0025999906938523054,0.3291000030003488
93,1.7982927258317416,1302.0410710214292,0.14489178540633782,1.4489178540633783,2.410310664720446,0.0281000102404505,0.05910001345910132,0.01960000372491777,0.18699999782256782,0.026399997295811772,0.0024000037228688598,0.32380000629927963
94,1.7672351484560933,1291.8571047328028,0.14338046699420565,1.4338046699420566,2.3766563541554095,0.02819999644998461,0.0594000011915341,0.01990000600926578,0.18789999012369663,0.026699999580159783,0.0025000044843181968,0.3257000062149018
95,1.7369057473252523,1281.7794726579125,0.14189153590866954,1.4189153590866954,2.343625767926329,0.0278999941656366,0.05889999738428742,0.01990000600926578,0.18659999477677047,0.02649999805726111,0.0025000044843181968,0.3232000017305836
96,1.7072927234801583,1271.8012448878649,0.1404245936469647,1.404245936469647,2.311202956003763,0.08600000001024455,0.12569999671541154,0.03759999526664615,0.6124000065028667,0.10679999832063913,0.01479999627918005,0.9888999920804054
97,1.67854031171498,1261.924274923071,0.13897924916138504,1.3897924916138504,2.279372514138035,0.062000006437301636,0.1412999990861863,0.036299999919719994,0.29680000443477184,0.030800001695752144,0.0041000021155923605,0.5735999875469133
98,1.650585977984786,1252.1959173320136,0.13755511792766584,1.3755511792766584,2.248119607683107,0.03330000618007034,0.07829999958630651,0.022199994418770075,0.19489999976940453,0.0278999941656366,0.002900007530115545,0.36109999928157777
99,1.623298143139578,1242.5897451755773,0.136151821925138,1.3615182192513802,2.2174298834637494,0.029300004825927317,0.06469999789260328,0.02020000829361379,0.2108000044245273,0.02780000795610249,0.0037999998312443495,0.3578999894671142
100,1.5966450024080197,1233.0759347929475,0.13476898691331457,1.3476898691331458,2.187289439678702,0.04320000880397856,0.0844999885885045,0.02200000744778663,0.22950000129640102,0.030199997127056122,0.0031999952625483274,0.4141999961575493
101,1.5705375840866385,1223.6640254039653,0.13340624703965367,1.3340624703965367,2.157684871063042,0.0337999954354018,0.07069999992381781,0.022799998987466097,0.19120000069960952,0.0312999909510836,0.002700006007216871,0.3538000019034371
102,1.5449796960185767,1214.3889092337993,0.13206324327188906,1.3206324327188905,2.1286032091519345,0.028700000257231295,0.060699996538460255,0.020099992980249226,0.1945000112755224,0.03919999289792031,0.004799992893822491,0.34929999674204737
103,1.5199529441229116,1205.235138120021,0.13073962236754777,1.307396223675478,2.1000319025094916,0.03650000144261867,0.06590000702999532,0.028700000257231295,0.2023999986704439,0.02710000262595713,0.002900007530115545,0.364800012903288
104,1.4954982353649564,1196.1738044056506,0.12943503795272898,1.29435037952729,2.0719588004013243,0.0323000131174922,0.06120000034570694,0.024500011932104826,0.1888000115286559,0.026599998818710446,0.0026999914553016424,0.33719999191816896
105,1.4715945766504244,1187.199307758892,0.12814914897005958,1.2814914897005958,2.0443721349466366,0.02849999873433262,0.05990000499878079,0.01999999221879989,0.1875000016298145,0.026699999580159783,0.0025999906938523054,0.32639999699313194
106,1.4482886007624391,1178.3075071328635,0.12688161949522575,1.2688161949522574,2.0172604841887227,0.028400012524798512,0.06080001185182482,0.020199993741698563,0.18869999621529132,0.026699999580159783,0.002700006007216871,0.3284000122221187
107,1.4254884899360318,1169.497700618725,0.12563212098435192,1.2563212098435192,1.9906127624463281,0.02850001328624785,0.06600000779144466,0.020399995264597237,0.18790000467561185,0.02680000034160912,0.0025999906938523054,0.33349999284837395
108,1.403189976899843,1160.7776406130506,0.12440033049311476,1.2440033049311476,1.9644182502364644,0.028299997211433947,0.05919999966863543,0.019700004486367106,0.18659999477677047,0.02849999873433262,0.0026000052457675338,0.32580000697635114
109,1.3814743944076195,1152.148148736514,0.1231859308270763,1.231859308270763,1.9386665589854184,0.028000009479001164,0.05889999738428742,0.019800005247816443,0.2027000009547919,0.027400004910305142,0.0026999914553016424,0.3404999879421666
110,1.3601712778484043,1143.6386822493068,0.12198861210949916,1.2198861210949916,1.9133476359808421,0.029199989512562752,0.06120000034570694,0.020000006770715117,0.18929998623207211,0.026900001103058457,0.0026000052457675338,0.3301999968243763
111,1.339278088504575,1135.209401525226,0.12080806732029321,1.208080673202932,1.8884517360344555,0.028099995688535273,0.0594000011915341,0.019899991457350552,0.18780000391416252,0.026599998818710446,0.0025000044843181968,0.32529998861718923
112,1.3188776839058076,1126.870388863466,0.11964399805564048,1.1964399805564048,1.863969409943628,0.028099995688535273,0.058999998145736754,0.024499997380189598,0.1875000016298145,0.026900001103058457,0.0024999899324029684,0.3293999907327816
113,1.2989619535446475,1118.6530421263692,0.11849611244773386,1.1849611244773386,1.8398914873688503,0.027900008717551827,0.05869999586138874,0.019500002963468432,0.18709999858401716,0.026599998818710446,0.0024999899324029684,0.3234999894630164
114,1.2794886986505154,1110.5504614140473,0.11736412483202543,1.1736412483202543,1.8162090487080806,0.028099995688535273,0.05950000195298344,0.019899991457350552,0.18709999858401716,0.026900001103058457,0.0034999975468963385,0.32589999318588525
115,1.2604900565708756,1102.5234254584716,0.11624775447476712,1.1624775447476712,1.792913432543108,0.028399997972883284,0.05909999890718609,0.019699989934451878,0.18780000391416252,0.026599998818710446,0.002700006007216871,0.3252000024076551
116,1.241886299998926,1094.5758645039832,0.11514672688010272,1.1514672688010272,1.769996239899543,0.027900008717551827,0.058900011936202645,0.020399995264597237,0.19530000281520188,0.026699999580159783,0.0026999914553016424,0.33290000283159316
117,1.2236360866943248,1086.7133946796723,0.11406077354445622,1.1406077354445623,1.7474492877314132,0.028400012524798512,0.05900001269765198,0.019899991457350552,0.1871999993454665,0.026699999580159783,0.0025000044843181968,0.32470001315232366
118,1.2058607709536409,1078.9289209407816,0.11298963063310159,1.129896306331016,1.7252646077918128,0.027999994927085936,0.059300000430084765,0.020000006770715117,0.19299999985378236,0.026599998818710446,0.0024999899324029684,0.3302999975858256
119,1.188467522367484,1071.2452692177417,0.11193303804928945,1.1193303804928945,1.7034344866809963,0.031400006264448166,0.059999991208314896,0.01990000600926578,0.1880999916465953,0.026399997295811772,0.0040000013541430235,0.3308000013930723
120,1.1714055391459386,1063.6404659756465,0.11089073895859122,1.1089073895859123,1.6819514404102958,0.027900008717551827,0.058999998145736754,0.019699989934451878,0.20790001144632697,0.026999987312592566,0.002700006007216871,0.34520000917837024
121,1.1547299609147772,1056.109136117242,0.1098624843799986,1.0986248437999862,1.660808202752945,0.05630000669043511,0.09979998867493123,0.0357000099029392,0.2356000040890649,0.03029999788850546,0.0042000028770416975,0.46409999777097255
122,1.1383430073396281,1048.669100449339,0.10884802987764713,1.0884802987764715,1.6399977027345696,0.033800009987317026,0.06690000009257346,0.02130000211764127,0.19210000755265355,0.027299989596940577,0.002800006768666208,0.3456999984337017
123,1.1222440294072873,1041.303753928517,0.10784713822551352,1.0784713822551353,1.619513064187274,0.029100003303028643,0.0610999995842576,0.029399991035461426,0.19630001042969525,0.03130000550299883,0.0029999937396496534,0.3512999974191189
124,1.1064297919638921,1034.0250614305803,0.10685957677455696,1.0685957677455697,1.5993475987561412,0.02890000178012997,0.060300008044578135,0.01990000600926578,0.18790000467561185,0.026699999580159783,0.0026999914553016424,0.327600006130524
125,1.0908832748972952,1026.8181930380003,0.1058851174557788,1.058851174557788,1.579494788211761,0.0278999941656366,0.05950000195298344,0.019800005247816443,0.18670001009013504,0.02680000034160912,0.0026999914553016424,0.32449999707750976
126,1.075595459846545,1019.6744434491154,0.10492353463968984,1.0492353463968984,1.5599482203013415,0.027799993404187262,0.05909999890718609,0.020000006770715117,0.19359998987056315,0.02680000034160912,0.002700006007216871,0.331000002915971
127,1.0605867277528978,1012.5932740250721,0.10397878852544513,1.0397878852544513,1.5407017113202355,0.027999994927085936,0.05909999890718609,0.019700004486367106,0.1875000016298145,0.02680000034160912,0.0026000052457675338,0.32479999936185777
128,1.04583614371467,1005.5831757205495,0.10310393294270154,1.0310393294270155,1.5217492561427752,0.027999994927085936,0.058900011936202645,0.019500002963468432,0.18699999782256782,0.02649999805726111,0.0025000044843181968,0.3234000032534823
129,1.0313522422703438,998.6602586715028,0.10223930369982893,1.0223930369982894,1.5030850133346458,0.0278999941656366,0.06289999873843044,0.019700004486367106,0.18679999629966915,0.02649999805726111,0.002700006007216871,0.327600006130524
130,1.0171288671752592,991.8046121859547,0.10138475753405196,1.0138475753405196,1.4847032926099686,0.02820001100189984,0.05909999890718609,0.019799990695901215,0.1875000016298145,0.026299996534362435,0.0026000052457675338,0.324500011629425
131,1.0032308117605646,985.0530698398914,0.10054015244176569,1.0054015244176568,1.466598549310269,0.027799993404187262,0.05830000736750662,0.019899991457350552,0.1866000093286857,0.026500012609176338,0.0025999906938523054,0.32279999868478626
132,0.9895900696889021,978.3805806936421,0.09970534791499656,0.9970534791499657,1.4487653825356577,0.028000009479001164,0.0585000088904053,0.019699989934451878,0.18680001085158437,0.02649999805726111,0.0025999906938523054,0.3232000017305836
133,0.9762239660722696,971.7654451274692,0.09888020596439552,0.9888020596439553,1.431198525821886,0.028700000257231295,0.058900011936202645,0.020099992980249226,0.18689999706111848,0.02649999805726111,0.0026000052457675338,0.32449999707750976
134,0.963129429018579,965.2082150921483,0.0980645910550177,0.980645910550177,1.4138928442812193,0.0278999941656366,0.05830000736750662,0.019700004486367106,0.31689999741502106,0.05560000136028975,0.006399990525096655,0.48719999904278666
135,0.9502611670481678,958.7407727940858,0.09725836922307318,0.9725836922307319,1.3968433247664371,0.05679999594576657,0.1112000027205795,0.031799994758330286,0.222400005441159,0.028599999495781958,0.0030999945010989904,0.4557999927783385
136,0.9376454906789012,952.3637857361299,0.09646140843802169,0.964614084380217,1.3800450679916263,0.030499999411404133,0.06510000093840063,0.020500010577961802,0.20139999105595052,0.027300004148855805,0.002700006007216871,0.348599991411902
137,0.9252967852953446,946.0634959528686,0.09567357711861381,0.9567357711861381,1.3634933103127351,0.02849999873433262,0.0610999995842576,0.020000006770715117,0.18760000239126384,0.02649999805726111,0.002700006007216871,0.32750000536907464
138,0.9131912998424654,939.8283890066966,0.09489474773074794,0.9489474773074794,1.3471834069942077,0.028099995688535273,0.060600010328926146,0.020099992980249226,0.18659999477677047,0.02680000034160912,0.002700006007216871,0.3259000077378005
139,0.9012701296837513,933.6573001580509,0.09412479525196778,0.9412479525196779,1.33111082730399,0.028000009479001164,0.0594000011915341,0.020100007532164454,0.18679999629966915,0.027000001864507794,0.002800006768666208,0.32509998709429055
140,0.8895300799211017,927.5548016739369,0.09336359614526948,0.9336359614526949,1.3152711511766373,0.028000009479001164,0.05879999662283808,0.01960000372491777,0.2052999916486442,0.026699999580159783,0.0026000052457675338,0.34249998861923814
141,0.8779584806643747,921.5029805353306,0.09261102779763528,0.9261102779763528,1.299660064363667,0.028099995688535273,0.059600002714432776,0.01999999221879989,0.1871999993454665,0.026600013370625675,0.002700006007216871,0.32530000316910446
142,0.8665729842593168,915.5014188128164,0.09186696829349633,0.9186696829349633,1.284273356558646,0.0278999941656366,0.058999998145736754,0.019800005247816443,0.18740000086836517,0.026900001103058457,0.0026000052457675338,0.32479999936185777
143,0.8553806440716396,909.559817531803,0.09113129969605285,0.9113129969605286,1.2691069004280948,0.031800009310245514,0.058999998145736754,0.022499996703118086,0.18619999173097312,0.026599998818710446,0.0026000052457675338,0.3296000068075955
144,0.84436254378502,903.6972085224221,0.0904039033560258,0.904039033560258,1.2541566525099326,0.027600006433203816,0.05889999738428742,0.019700004486367106,0.18619999173097312,0.02780000795610249,0.0026000052457675338,0.3237000055378303
145,0.8335507080608322,897.905163698764,0.08968466258716734,0.8968466258716734,1.2394186780778873,0.027700007194653153,0.05849999433849007,0.019800005247816443,0.19239999528508633,0.026699999580159783,0.0026000052457675338,0.3285999991931021
146,0.8229078827454446,892.1771456370477,0.08897346466344604,0.8897346466344604,1.2248891495394933,0.0281000102404505,0.06059999577701092,0.01999999221879989,0.18760000239126384,0.026900001103058457,0.0026000052457675338,0.3269000008003786
147,0.8124336404294643,886.5047397284793,0.08827019846596482,0.8827019846596482,1.210564327992598,0.0278999941656366,0.05919999966863543,0.019700004486367106,0.1863999932538718,0.02680000034160912,0.0026000052457675338,0.3234000032534823
148,0.8021328917435127,880.8811986630459,0.08757475404024201,0.8757475404024201,1.1964405437166639,0.027600006433203816,0.058600009651854634,0.019899991457350552,0.18950000230688602,0.026599998818710446,0.0026000052457675338,0.3257000062149018
149,0.7919823150918803,875.3048479096763,0.0868870249914278,0.868870249914278,1.1825142231692876,0.02750000567175448,0.05840000812895596,0.019799990695901215,0.18610000552143902,0.02649999805726111,0.0025000044843181968,0.32190000638365746
150,0.7819851587079423,869.7735238264534,0.08620690599515515,0.8620690599515515,1.168781879864153,0.027600006433203816,0.058599995099939406,0.01990000600926578,0.1863999932538718,0.026599998818710446,0.002700006007216871,0.3226999979233369
151,0.772141289428987,864.2868365048555,0.0855342927911989,0.855342927911989,1.1552401041207028,0.027600006433203816,0.06189999112393707,0.019700004486367106,0.1866999955382198,0.026399997295811772,0.0025000044843181968,0.32610000926069915
152,0.762469748795188,858.8555950222669,0.08486908233676452,0.8486908233676452,1.1418855605211289,0.027700007194653153,0.05800000508315861,0.01960000372491777,0.185800003237091,0.026399997295811772,0.0026000052457675338,0.32119998650159687
153,0.7529359905056217,853.490000533611,0.08421117345666124,0.8421117345666124,1.1287149899519382,0.027700007194653153,0.05819999205414206,0.01960000372491777,0.185800003237091,0.026300011086277664,0.0025999906938523054,0.32110000029206276
154,0.7435381589769912,848.1802856538018,0.08356046618119263,0.8356046618119263,1.1157252025890456,0.0278999941656366,0.05870001041330397,0.019799990695901215,0.1863000070443377,0.02680000034160912,0.0025999906938523054,0.32310000096913427
155,0.7342875718254004,842.9641580037983,0.08291686119513769,0.8291686119513769,1.1029130848663513,0.027799993404187262,0.05810000584460795,0.01960000372491777,0.18640000780578703,0.026399997295811772,0.0024999899324029684,0.3217999910702929
156,0.7252236273672764,837.7960150353517,0.08228026126783909,0.8228026126783908,1.0902755910723974,0.027999994927085936,0.05849999433849007,0.01960000372491777,0.18940000154543668,0.026399997295811772,0.0025999906938523054,0.3254999901400879
157,0.716310042046535,832.680199777623,0.08165057112593516,0.8165057112593516,1.07780973474606,0.027799993404187262,0.05840000812895596,0.01999999221879989,0.1863000070443377,0.026299996534362435,0.0024999899324029684,0.3222999948775396
158,0.7075614404598555,827.6215284645499,0.08102769722062851,0.8102769722062851,1.0655125879882366,0.027699992642737925,0.05879999662283808,0.01990000600926578,0.18610000552143902,0.026399997295811772,0.0025999906938523054,0.3223999956389889
159,0.6989395613336878,822.6070859559804,0.08041154724264758,0.8041154724264759,1.053381299496695,0.02750000567175448,0.05830000736750662,0.019500002963468432,0.2381999947829172,0.026699999580159783,0.0025000044843181968,0.3735000063898042
160,0.6904363613615354,817.6364752599416,0.0798020305019431,0.7980203050194311,1.0414130690606385,0.027699992642737925,0.05950000195298344,0.019800005247816443,0.18720001389738172,0.026500012609176338,0.0026999914553016424,0.32419999479316175
161,0.6820608370142687,812.705345958929,0.07920243528881807,0.7920243528881806,1.0296051507080823,0.027700007194653153,0.05849999433849007,0.019700004486367106,0.1863999932538718,0.026599998818710446,0.0025000044843181968,0.32249999640043825
162,0.673802379747495,807.8170519585424,0.07878032237191059,0.7878032237191058,1.0179548739210627,0.02780000795610249,0.058599995099939406,0.019800005247816443,0.18730000010691583,0.026500012609176338,0.0024999899324029684,0.32360000477638096
163,0.6656666274665513,802.9964467448142,0.07836055147701686,0.7836055147701686,1.0064596226575853,0.027799993404187262,0.44319999869912863,0.08399999933317304,0.5043999990448356,0.0720000098226592,0.010200004908256233,1.145000001997687
164,0.6576612145454164,798.2236560226675,0.07794311136160334,0.7794311136160333,0.9951168360030092,0.057199998991563916,0.15759999223519117,0.035599994589574635,0.3073000116273761,0.04510000871960074,0.006099988240748644,0.6113999988883734
165,0.6497712052495004,793.4914542236746,0.07752799078166914,0.7752799078166914,0.9839240049249945,0.04980000085197389,0.12199999764561653,0.03399999695830047,0.28469999961089343,0.055900003644637764,0.006400005077011883,0.555899998289533
166,0.641986305078273,788.7943630074409,0.07711517850309026,0.7711517850309026,0.9728786745771049,0.042199986637569964,0.0892000098247081,0.024299995857290924,0.28759999258909374,0.03609999839682132,0.004599991370923817,0.48669999523554
167,0.6343117270907677,784.1469999463479,0.07670466336112038,0.7670466336112038,0.961978440925538,0.040099999750964344,0.083099992480129,0.02340000355616212,0.2082999999402091,0.028299997211433947,0.0030999945010989904,0.3882000019075349
168,0.6267412818170566,779.5519867762389,0.07629643417384174,0.7629643417384174,0.95122094925138,0.029999995604157448,0.06609999400097877,0.02059999678749591,0.22130001161713153,0.02819999644998461,0.0028999929782003164,0.3704999980982393
169,0.6192735901375972,774.9904949072343,0.0758904797831841,0.758904797831841,0.9406038873767734,0.02890000178012997,0.07100000220816582,0.020699997548945248,0.22739999985788018,0.05370000144466758,0.004899993655271828,0.4079999926034361
170,0.6119132152930258,770.4797570707464,0.0754867889326296,0.754867889326296,0.9301249683897068,0.033499993151053786,0.06910000229254365,0.021200001356191933,0.21579999884124845,0.040099999750964344,0.0044000043999403715,0.3858999989461154
171,0.6046706601677002,766.0273283057138,0.07508535000325581,0.7508535000325581,0.9197819799917077,0.02920000406447798,0.07770000956952572,0.0312999909510836,0.8418000070378184,0.04060000355821103,0.004899993655271828,1.0282000002916902
172,0.5975221974575123,761.6183557647296,0.07468615194124517,0.7468615194124517,0.9095727544548698,0.06130000110715628,0.10260000999551266,0.027299989596940577,0.23820000933483243,0.031200004741549492,0.0043000036384910345,0.46720000682398677
173,0.5904687589350841,757.2481347265405,0.0742891837054744,0.7428918370547439,0.8994951675386215,0.03270000161137432,0.07169999298639596,0.021700005163438618,0.19669999892357737,0.036699988413602114,0.003000008291564882,0.3637000045273453
174,0.5835188271055614,752.9097390517636,0.07389443431896504,0.7389443431896504,0.8895471371546502,0.06999999459367245,0.11359999189153314,0.031100003980100155,0.3217999910702929,0.03480000304989517,0.00449999060947448,0.5786999972769991
175,0.5766664497971674,748.602287189019,0.0735018928320801,0.735018928320801,0.8797266213500693,0.03789999755099416,0.08260000322479755,0.022599997464567423,0.19799999427050352,0.03429999924264848,0.0047000066842883825,0.38189999759197235
176,0.5699101346730517,744.3305614862975,0.07311154829375965,0.7311154829375965,0.8700316165169589,0.03090000245720148,0.09339999814983457,0.031099989428184927,0.20310000400058925,0.027699992642737925,0.003000008291564882,0.39080000715330243
177,0.56324205233381,740.1177992387945,0.07272338969874984,0.7272338969874984,0.8604601615724587,0.0295999925583601,0.06350000330712646,0.01999999221879989,0.18909999926108867,0.027000001864507794,0.002700006007216871,0.3330999898025766
178,0.5566564528184367,735.940244578594,0.07233740614531571,0.7233740614531572,0.8510103102792953,0.028399997972883284,0.06150000263005495,0.0202999945031479,0.218400004087016,0.027600006433203816,0.0028999929782003164,0.36019999242853373
179,0.5501660801550716,731.7931566488435,0.07195358626766558,0.7195358626766559,0.8416801772802889,0.029199989512562752,0.06210000719875097,0.020099992980249226,0.18879999697674066,0.027000001864507794,0.002800006768666208,0.3311999898869544
180,0.5437677028531509,727.6756427553241,0.07157191915308915,0.7157191915308915,0.8324679154797336,0.02820001100189984,0.06009999196976423,0.020000006770715117,0.1875000016298145,0.026699999580159783,0.002700006007216871,0.3263000107835978
181,0.5374550117659893,723.5903382177119,0.07119239397295388,0.7119239397295388,0.8233717131053415,0.027799993404187262,0.05919999966863543,0.019700004486367106,0.19159998919349164,0.026599998818710446,0.002700006007216871,0.32869999995455146
182,0.5312426943382356,719.5433122173522,0.0708149999122012,0.7081499991220122,0.8143897909383732,0.02819999644998461,0.059999991208314896,0.020100007532164454,0.18799999088514596,0.026699999580159783,0.0026000052457675338,0.3268000000389293
183,0.5251149863383509,715.5467806964198,0.07043972607848459,0.7043972607848459,0.8055204064714078,0.028099995688535273,0.05919999966863543,0.019799990695901215,0.18790000467561185,0.026599998818710446,0.0026000052457675338,0.32539998937863857
184,0.5190684201232526,711.5823981710585,0.07006656171541757,0.7006656171541757,0.7967618502701503,0.0281000102404505,0.05919999966863543,0.019899991457350552,0.2077999961329624,0.026900001103058457,0.002700006007216871,0.34579999919515103
185,0.5131017994280199,707.6445181077494,0.0696954960909655,0.696954960909655,0.7881124394401243,0.02849999873433262,0.0602000072831288,0.019899991457350552,0.19400000746827573,0.027099988074041903,0.002700006007216871,0.33340000663883984
186,0.5072185528803507,703.7329386870465,0.06932651838635641,0.6932651838635641,0.7795705154587018,0.028299997211433947,0.060000005760230124,0.0799000117694959,0.20559999393299222,0.027799993404187262,0.002800006768666208,0.40550000267103314
187,0.5014109346824417,699.8477382945739,0.06895961766635564,0.6895961766635564,0.7711344655841661,0.029000002541579306,0.0610999995842576,0.019699989934451878,0.23469999723602086,0.03510000533424318,0.0047000066842883825,0.3862000012304634
188,0.495678648471135,695.9911465771769,0.06859478327685566,0.6859478327685566,0.7628027064898854,0.03789999755099416,0.08209999941755086,0.022799998987466097,0.22030000400263816,0.028099995688535273,0.0031999952625483274,0.39600000309292227
189,0.4900282221397836,692.1733044104876,0.06823200455456188,0.6823200455456189,0.7545736842616074,0.02989999484270811,0.06540000322274864,0.020499996026046574,0.1908999984152615,0.027400004910305142,0.0026999914553016424,0.338099998771213
190,0.4844519658612019,688.3887214496623,0.06787127086765198,0.6787127086765198,0.7464458736674281,0.028700000257231295,0.061700004152953625,0.02059999678749591,0.19320000137668103,0.02680000034160912,0.0025999906938523054,0.334700001985766
191,0.4789476348035885,684.6289086160025,0.06751257160115942,0.6751257160115943,0.7384177776500355,0.028099995688535273,0.059600002714432776,0.01999999221879989,0.18770000315271318,0.026599998818710446,0.0026000052457675338,0.3254999901400879
192,0.4735125525930015,680.8936849537886,0.06715589616642695,0.6715589616642695,0.7304879268757044,0.02849999873433262,0.05879999662283808,0.019899991457350552,0.18670001009013504,0.026399997295811772,0.0024999899324029684,0.32389999250881374
193,0.4681458673529442,677.1850834121014,0.06680123400122691,0.6680123400122691,0.7226548672083161,0.0315000070258975,0.059600002714432776,0.01999999221879989,0.18709999858401716,0.02649999805726111,0.0025000044843181968,0.3282999969087541
194,0.46284801790297103,673.5017893364427,0.06644857435919704,0.6644857435919705,0.7149171814263378,0.027900008717551827,0.05980000423733145,0.01990000600926578,0.18689999706111848,0.026299996534362435,0.0026000052457675338,0.32449999707750976
195,0.4576224096390883,669.8502464746147,0.06609790670138307,0.6609790670138308,0.7072734794084714,0.027699992642737925,0.05889999738428742,0.019700004486367106,0.1900999923236668,0.026599998818710446,0.0026000052457675338,0.32639999699313194
196,0.45246232725793367,666.2268926817842,0.06574922052940357,0.6574922052940358,0.6997223962451848,0.0278999941656366,0.05889999738428742,0.01990000600926578,0.1871999993454665,0.02649999805726111,0.0025000044843181968,0.32380000629927963
197,0.447366560532794,662.626855545653,0.06540250538861508,0.654025053886151,0.6922625914767347,0.028099995688535273,0.05889999738428742,0.019700004486367106,0.18699999782256782,0.026599998818710446,0.0026000052457675338,0.32389999250881374
198,0.44234157479136993,659.0499681099652,0.06505775083287102,0.6505775083287102,0.6848927485260374,0.0278999941656366,0.32449999707750976,0.0523999915458262,0.5440999957500026,0.05499999679159373,0.007399998139590025,1.014599998597987
199,0.43738074862426723,655.5051769775698,0.06471494643164245,0.6471494643164246,0.6776115742788461,0.060000005760230124,0.1419000036548823,0.036200013710185885,0.2905000001192093,0.02990000939462334,0.0033999967854470015,0.563900000997819
200,0.4324814191127964,651.985084492772,0.06437408177799316,0.6437408177799316,0.6704177925062234,0.03130000550299883,0.07119998917914927,0.02269999822601676,0.21230000129435211,0.027600006433203816,0.0028999929782003164,0.3693000035127625
201,0.4276458669608424,648.5004028314544,0.06403514637163567,0.6403514637163568,0.6633101543776104,0.029499991796910763,0.06479999865405262,0.02060001133941114,0.1900000061141327,0.027000001864507794,0.0026999914553016424,0.33569999504834414
202,0.4228703239804994,645.0478547644448,0.06369812983055127,0.6369812983055128,0.6562874344446472,0.028599999495781958,0.062400009483098984,0.020399995264597237,0.18799999088514596,0.027000001864507794,0.0026000052457675338,0.33000000985339284
203,0.4181561014073527,641.6206075015971,0.06336302182331162,0.6336302182331162,0.6493484287243436,0.02820001100189984,0.060399994254112244,0.01990000600926578,0.18749998707789928,0.026699999580159783,0.0026000052457675338,0.32619999547023326
204,0.4135026329046751,638.2212573193268,0.06302981204323818,0.6302981204323819,0.6424919542400329,0.027999994927085936,0.05970000347588211,0.01999999221879989,0.18680001085158437,0.026599998818710446,0.0025999906938523054,0.3245999978389591
205,0.4089080565849066,634.8501683891433,0.0626984902102129,0.626984902102129,0.6357168485646137,0.027700007194653153,0.0594000011915341,0.020000006770715117,0.19219999376218766,0.026400011847727,0.002700006007216871,0.3293000045232475
206,0.40437253826846936,631.5000619977277,0.062369046066859224,0.6236904606685922,0.6290219684245969,0.028299997211433947,0.06029999349266291,0.020000006770715117,0.19019999308511615,0.02680000034160912,0.002700006007216871,0.32920000376179814
207,0.39989603934603435,628.1714268929511,0.062041469362750415,0.6204146936275041,0.622406187940594,0.028300011763349175,0.060000005760230124,0.01990000600926578,0.18740000086836517,0.026600013370625675,0.002700006007216871,0.3257000062149018
208,0.39547435774125383,624.8679371811652,0.06171574980628159,0.617157498062816,0.6158684038847682,0.09819999104365706,0.19180000526830554,0.0526000076206401,0.5024000129196793,0.04810000245925039,0.005099995178170502,0.9031000081449747
209,0.39110675804591266,621.5892464855197,0.0613918772201915,0.613918772201915,0.6094075319697978,0.04189999890513718,0.09709999721962959,0.02510000194888562,0.21699999342672527,0.03759999526664615,0.00340001133736223,0.42389999725855887
210,0.386792507366829,618.3432937411227,0.061069841458615416,0.6106984145861541,0.6030225063738013,0.03159999323543161,0.07090000144671649,0.02160000440198928,0.192299994523637,0.028099995688535273,0.002800006768666208,0.3485000052023679
211,0.38253088157375714,615.1245827212617,0.06074963240327123,0.6074963240327123,0.5967122793551487,0.028399997972883284,0.0771000050008297,0.020699997548945248,0.18990000535268337,0.026900001103058457,0.002700006007216871,0.3471000090939924
212,0.3783216483957218,611.9265334773265,0.06043123996426429,0.6043123996426429,0.5904758202485356,0.028400012524798512,0.06180000491440296,0.02020000829361379,0.1886000100057572,0.026900001103058457,0.0025999906938523054,0.3296999930171296
213,0.3741641335683633,608.7479405743691,0.060114654064723334,0.6011465406472334,0.5843121159874493,0.028400012524798512,0.059699988923966885,0.020000006770715117,0.19639999663922936,0.02749999111983925,0.002700006007216871,0.3358999965712428
214,0.3700571687824894,605.5890725922804,0.05979986466311219,0.5979986466311219,0.5782201708570717,0.028400012524798512,0.06079999729990959,0.020199993741698563,0.18849999469239265,0.02710000262595713,0.002700006007216871,0.3288000007160008
215,0.3660017118244484,602.4495226314951,0.05948686175539338,0.5948686175539338,0.5721990057757576,0.033899996196851134,0.060000005760230124,0.01999999221879989,0.1883000077214092,0.026599998818710446,0.0027999922167509794,0.33239999902434647
216,0.36199667355437276,599.3312670718012,0.05917563536718088,0.5917563536718088,0.5662476579466613,0.028000009479001164,0.0594000011915341,0.019800005247816443,0.19570000586099923,0.02680000034160912,0.0026999914553016424,0.3333000058773905
217,0.35804024779894006,596.2324762763903,0.05886617555414292,0.5886617555414292,0.560365180467096,0.0278999941656366,0.05909999890718609,0.019800005247816443,0.18659999477677047,0.026699999580159783,0.0024999899324029684,0.3237999917473644
218,0.3541318997262237,593.1579232925237,0.05855847240099504,0.5855847240099504,0.5545506421107573,0.028000009479001164,0.05950000195298344,0.020199993741698563,0.18689999706111848,0.02649999805726111,0.0026000052457675338,0.32469999860040843
219,0.35027075028761107,590.1074208295904,0.05825251602455891,0.5825251602455891,0.5488031269731591,0.0312999909510836,0.06310000026132911,0.02020000829361379,0.18760000239126384,0.026599998818710446,0.0026000052457675338,0.33239999902434647
220,0.34645643969170037,587.0757366482308,0.05794829657302688,0.5794829657302688,0.5431217342599376,0.027999994927085936,0.059600002714432776,0.019899991457350552,0.19260001135990024,0.026600013370625675,0.0025999906938523054,0.3299999953014776
221,0.3426880604246839,584.0642444225326,0.05764580423061409,0.576458042306141,0.5375055777878709,0.0278999941656366,0.05889999738428742,0.019800005247816443,0.19190000602975488,0.028099995688535273,0.0026999914553016424,0.33009999606292695
222,0.338964999183242,581.0788093918496,0.05734502921074815,0.5734502921074816,0.5319537858031002,0.028399997972883284,0.0594000011915341,0.020000006770715117,0.18760000239126384,0.027000001864507794,0.002700006007216871,0.32610000926069915
223,0.33528665128471985,578.112265067386,0.05704596175990586,0.5704596175990586,0.5264655006387231,0.028099995688535273,0.058999998145736754,0.019800005247816443,0.18699999782256782,0.026599998818710446,0.0026000052457675338,0.32390000706072897
224,0.3316524205420424,575.1630887518422,0.056748592154978614,0.5674859215497862,0.5210398784792266,0.027999994927085936,0.05839999357704073,0.01960000372491777,0.22289999469649047,0.027000001864507794,0.002700006007216871,0.3598999901441857
225,0.32806364684957123,572.2311627179538,0.05645291070675719,0.5645291070675719,0.5156760890870243,0.03409999771974981,0.060399994254112244,0.019800005247816443,0.1875000016298145,0.026399997295811772,0.0025999906938523054,0.3318999952170998
226,0.324520213192297,569.3163698835591,0.056158907760213206,0.5615890776021321,0.510373315534919,0.0278999941656366,0.059300000430084765,0.020000006770715117,0.1866999955382198,0.026399997295811772,0.0025999906938523054,0.3237999917473644
227,0.3210202597962035,566.4188081858754,0.05586657369475688,0.5586657369475688,0.5051307539451413,0.0337999954354018,0.062000006437301636,0.01999999221879989,0.18709999858401716,0.026599998818710446,0.0026000052457675338,0.3330000035930425
228,0.3175627223094365,563.5408842668649,0.05557589892522164,0.5557589892522165,0.49994761323339804,0.027999994927085936,0.058900011936202645,0.019800005247816443,0.18640000780578703,0.026300011086277664,0.0025999906938523054,0.3228999994462356
229,0.3141464114347491,560.6825599691201,0.05528687390122352,0.5528687390122352,0.49482311486140884,0.027999994927085936,0.05879999662283808,0.01960000372491777,0.19279999833088368,0.02819999644998461,0.0026999914553016424,0.33129999064840376
230,0.31077072862524824,557.8480449052968,0.054999489107697176,0.5499948910769717,0.4897564925928625,0.0281000102404505,0.059300000430084765,0.019899991457350552,0.19210000755265355,0.02680000034160912,0.0026999914553016424,0.32979999377857894
231,0.30743511294314063,555.0301001024651,0.05471373506573034,0.5471373506573034,0.4847469922532819,0.0278999941656366,0.0585000088904053,0.019799990695901215,0.18600000475998968,0.026699999580159783,0.0026999914553016424,0.3226999979233369
232,0.30413902848778607,552.2283689629602,0.05442960233291714,0.5442960233291714,0.4797938715014899,0.0278999941656366,0.05869999586138874,0.01990000600926578,0.2505000011296943,0.04810000245925039,0.004999994416721165,0.4123999970033765
233,0.3008819993802858,549.4427426702887,0.054147081503886724,0.5414708150388673,0.47489639960169194,0.04090000584255904,0.08549999620299786,0.023300002794712782,0.2710999979171902,0.033200005418621004,0.0045000051613897085,0.46099998871795833
234,0.29766354619804997,546.6731130911278,0.05386616321091458,0.5386616321091459,0.4700538572012729,0.037600009818561375,0.08240000170189887,0.022899999748915434,0.2241000038338825,0.060999998822808266,0.0031999952625483274,0.4329999937908724
235,0.29448362019866114,543.9193727690384,0.05358683812289334,0.5358683812289334,0.46526553611521343,0.029999995604157448,0.06560000474564731,0.020699997548945248,0.1897000038297847,0.026900001103058457,0.0027999922167509794,0.33710000570863485
236,0.2913433886774097,541.181414932264,0.05330909694643876,0.5330909694643876,0.4605307391141489,0.028300011763349175,0.060399994254112244,0.020099992980249226,0.26780000189319253,0.0914999982342124,0.006700007361359894,0.477700014016591
237,0.28824122284729115,538.4591334850952,0.05303293042617391,0.5303293042617391,0.4558487797177677,0.08049998723436147,0.09380000119563192,0.028099995688535273,0.4734999965876341,0.03440000000409782,0.004599991370923817,0.7184999994933605
238,0.2851756854223284,535.7524230186889,0.05275832934519664,0.5275832934519664,0.45121898193741644,0.03919999289792031,0.2317000034963712,0.042100000428035855,0.262700006715022,0.030800001695752144,0.0040000013541430235,0.6125999934738502
239,0.28214758816761215,533.0611788376398,0.052485284520593437,0.5248528452059343,0.44664068014010805,0.03229999856557697,0.07059999916236848,0.02130000211764127,0.19269999756943434,0.027799993404187262,0.002700006007216871,0.3488000074867159
240,0.2791549415947093,530.3852969367679,0.05221378680924105,0.5221378680924105,0.4421132189018646,0.029399991035461426,0.06180000491440296,0.020399995264597237,0.2889000024879351,0.05669999518431723,0.004899993655271828,0.4641999985324219
241,0.27619724691321734,527.7246740026152,0.05194382711170625,0.5194382711170625,0.43763595276629996,0.04089999129064381,0.08260000322479755,0.023200002033263445,0.23839999630581588,0.033499993151053786,0.005299996701069176,0.42579999717418104
242,0.27327404825207796,525.0792074284482,0.05167539636779076,0.5167539636779076,0.4332082460586617,0.0408000050811097,0.06979999307077378,0.021400002879090607,0.19579999207053334,0.027400004910305142,0.0030999945010989904,0.3595000016503036
243,0.2703848962913886,522.4487953062373,0.051408485556925995,0.51408485556926,0.42882947270528826,0.12959999730810523,0.1647000026423484,0.08789999992586672,0.301199994282797,0.04299999272916466,0.0049000082071870565,0.7355999987339601
244,0.26752990602417315,519.8333364274786,0.051143085698433906,0.5114308569843391,0.4244990160570846,0.03809999907389283,0.08460000390186906,0.022599997464567423,0.21739999647252262,0.028599999495781958,0.002900007530115545,0.3958000015700236
245,0.26471004651802316,517.2327302837181,0.05087918785177483,0.5087918785177483,0.42021626871688883,0.030199997127056122,0.06409999332390726,0.02020000829361379,0.189200000022538,0.027000001864507794,0.002800006768666208,0.33480000274721533
246,0.261922928213668,514.6515662970012,0.050616783116783824,0.5061678311678383,0.4159806323706301,0.02819999644998461,0.0610999995842576,0.020400009816512465,0.18770000315271318,0.027300004148855805,0.0026999914553016424,0.32869999995455146
247,0.25916844448650944,512.0862118291682,0.050355862633895514,0.5035586263389551,0.41179151762218374,0.0278999941656366,0.059600002714432776,0.020000006770715117,0.19129998690914363,0.027000001864507794,0.002700006007216871,0.32950000604614615
248,0.2564483606336529,509.5352857077055,0.05009641758435791,0.5009641758435791,0.40764834383182696,0.028300011763349175,0.059999991208314896,0.019700004486367106,0.18740000086836517,0.026699999580159783,0.0026999914553016424,0.32560000545345247
249,0.25375963385948114,506.99869262569644,0.04983843919043581,0.4983843919043582,0.4035505389435287,0.027999994927085936,0.0594000011915341,0.01960000372491777,0.18699999782256782,0.026599998818710446,0.0026000052457675338,0.32419999479316175
250,0.25110186033324644,504.476337917678,0.04958191872128097,0.49581918721280965,0.39949753935498516,0.0278999941656366,0.06380000559147447,0.019899991457350552,0.18730000010691583,0.026599998818710446,0.0026000052457675338,0.32900000223889947
251,0.24847464184534113,501.96812758188867,0.04932684748369845,0.4932684748369845,0.39548878976182744,0.02819999644998461,0.05889999738428742,0.019800005247816443,0.18629999249242246,0.02649999805726111,0.0025000044843181968,0.3232000017305836
252,0.24587758592182038,499.47396827620827,0.04907321682401598,0.49073216824015986,0.391523743004176,0.027799993404187262,0.05880001117475331,0.019899991457350552,0.19920000340789557,0.03819999983534217,0.0026999914553016424,0.3476999991107732
253,0.24331030564929054,496.9937673064311,0.04882101813023595,0.4882101813023595,0.38760185992179025,0.028599999495781958,0.060699996538460255,0.08689999231137335,0.19099999917671084,0.02820001100189984,0.0041000021155923605,0.4006999952252954
254,0.24077241959669662,494.52743263017805,0.048570242832220625,0.4857024283222063,0.38372260921229306,0.02890000178012997,0.061700004152953625,0.020499996026046574,0.18740000086836517,0.026599998818710446,0.0027999922167509794,0.32890000147745013
255,0.23826355176031672,492.07487285545943,0.04832088240184241,0.48320882401842413,0.3798854672924354,0.06629999552387744,0.08919999527279288,0.026200010324828327,0.23289999808184803,0.03029999788850546,0.0040000013541430235,0.4507999983616173
256,0.23578370242227828,489.635997239348,0.048072928353120443,0.4807292835312044,0.3760899181623077,0.03169999399688095,0.07389999518636614,0.021400002879090607,0.19350000366102904,0.027099988074041903,0.002900007530115545,0.35180000122636557
257,0.23333247571325344,487.2107156864976,0.047826372242347245,0.4782637224234725,0.3723354532724208,0.028599999495781958,0.061400001868605614,0.020000006770715117,0.18789999012369663,0.026699999580159783,0.0026000052457675338,0.32830001146066934
258,0.2309091831157541,484.7989387475018,0.047581205668206096,0.47581205668206095,0.36862157139358687,0.02849999873433262,0.0610999995842576,0.020099992980249226,0.1914000022225082,0.027000001864507794,0.0026999914553016424,0.33209999673999846
259,0.22851444212065503,482.400577617092,0.04733742027187939,0.47337420271879393,0.36494777849094556,0.02819999644998461,0.059300000430084765,0.019800005247816443,0.18759998783934861,0.02680000034160912,0.0026000052457675338,0.32530000316910446
260,0.2261480918213031,480.0161899843489,0.04709500773731051,0.4709500773731052,0.36131358759982,0.027799993404187262,0.05879999662283808,0.019800005247816443,0.18730000010691583,0.026699999580159783,0.0025999906938523054,0.3240999940317124
261,0.2238085451770901,477.64630334844344,0.04685395979134627,0.46853959791346267,0.35771851869811877,0.02780000795610249,0.05889999738428742,0.01960000372491777,0.19070001144427806,0.02680000034160912,0.0025999906938523054,0.3274000046076253
262,0.22149546305049767,475.29056380219,0.04661426820317557,0.46614268203175563,0.3541620985901263,0.027799993404187262,0.05909999890718609,0.01990000600926578,0.18689999706111848,0.026599998818710446,0.0026000052457675338,0.32390000706072897
263,0.21920851109427258,472.9500280575413,0.046375924784841906,0.4637592478484191,0.35064386078614873,0.027900008717551827,0.058299992815591395,0.019700004486367106,0.18610000552143902,0.026400011847727,0.0025999906938523054,0.3218999918317422
264,0.2169473596783063,470.62238869089543,0.04613892139095048,0.4613892139095049,0.34716334538596916,0.02780000795610249,0.06229999416973442,0.01990000600926578,0.18739998631644994,0.026599998818710446,0.0025000044843181968,0.32780000765342265
265,0.21471168381770622,468.3075619649561,0.045903249918557106,0.4590324991855711,0.3437200989828862,0.027999994927085936,0.058999998145736754,0.019800005247816443,0.18730000010691583,0.02680000034160912,0.0026999914553016424,0.3245999978389591
266,0.21250124604597367,466.00546474776417,0.045668902308994896,0.45668902308994896,0.34031367454371475,0.02780000795610249,0.05880001117475331,0.019699989934451878,0.18679999629966915,0.026599998818710446,0.0026000052457675338,0.3234000032534823
267,0.21031781035377947,463.71610887587144,0.04543587054673551,0.45435870546735513,0.33694363129578647,0.027799993404187262,0.05900001269765198,0.019799990695901215,0.18770000315271318,0.02649999805726111,0.0025999906938523054,0.32449999707750976
268,0.20815890569291604,461.4395872030443,0.04520414665890652,0.4520414665890652,0.3336095343245199,0.027700007194653153,0.05849999433849007,0.01960000372491777,0.1860999909695238,0.02649999805726111,0.0026000052457675338,0.32210000790655613
269,0.20602417081806126,459.17554125945185,0.04497372269748411,0.44973722697484114,0.33031095452675235,0.02780000795610249,0.058299992815591395,0.019700004486367106,0.18959998851642013,0.026600013370625675,0.002700006007216871,0.32560000545345247
270,0.20391330370023836,456.92389048038524,0.04474459074225513,0.4474459074225514,0.32704746796718687,0.02750000567175448,0.058999998145736754,0.019799990695901215,0.18640000780578703,0.026699999580159783,0.0024999899324029684,0.3226999979233369
271,0.20182600637976084,454.6884085829907,0.04451674286667212,0.4451674286667212,0.32381865785065017,0.027599991881288588,0.058999998145736754,0.019700004486367106,0.18560000171419233,0.026599998818710446,0.0025999906938523054,0.3218999918317422
272,0.19976198517858623,452.4697249491537,0.0442901712661577,0.442901712661577,0.3206241132910056,0.027799993404187262,0.05849999433849007,0.01960000372491777,0.19039999460801482,0.02680000034160912,0.0025000044843181968,0.3264999977545813
273,0.1977209505413241,450.2635171912976,0.04406486818747044,0.4406486818747044,0.317463428923451,0.027600006433203816,0.058599995099939406,0.019700004486367106,0.185800003237091,0.026699999580159783,0.0025000044843181968,0.3220000071451068
274,0.19570261694533925,448.07169259821626,0.04384082590964409,0.43840825909644093,0.31433620475338736,0.02750000567175448,0.058599995099939406,0.019500002963468432,0.18649999401532114,0.026599998818710446,0.0025000044843181968,0.32210000790655613
275,0.19370670283936695,445.892537528767,0.04361803673925056,0.4361803673925056,0.31124204584956194,0.03429999924264848,0.05869999586138874,0.019700004486367106,0.3989999968325719,0.07069999992381781,0.006900008884258568,0.5913999921176583
276,0.19173292988746404,443.72667666707787,0.04339649301615522,0.43396493016155213,0.3081805629996126,0.15300000086426735,0.19929998961742967,0.05459999374579638,0.3817000106209889,0.03239999932702631,0.0046000059228390455,0.8306000090669841
277,0.1897810241822466,441.57737247935137,0.043176187133441374,0.43176187133441374,0.3051513727585015,0.03309999010525644,0.0723000121070072,0.021900006686337292,0.19550000433810055,0.02819999644998461,0.0029999937396496534,0.3555000002961606
278,0.18785071599000608,439.44042283130995,0.042957111554872716,0.4295711155487272,0.3021540968895793,0.02920000406447798,0.06410000787582248,0.020699997548945248,0.18999999156221747,0.02710000262595713,0.0027999922167509794,0.3349999897181988
279,0.1859417388976803,437.31478902741026,0.042739258787389246,0.42739258787389245,0.2991883620436255,0.10730000212788582,0.2674999996088445,0.041700011934153736,0.2381000085733831,0.03270000161137432,0.004799992893822491,0.6950999959371984
280,0.18405383037343775,435.2004027275709,0.042523176290255156,0.42523176290255155,0.2962538000685767,0.03640000068116933,0.09180000051856041,0.022499996703118086,0.19710000196937472,0.028399997972883284,0.0032999960239976645,0.3811000060522929
281,0.18218673154238216,433.09719604403944,0.0423083938900542,0.42308393890054197,0.29335004786353036,0.029800008633174002,0.14659999578725547,0.04069998976774514,0.2342000079806894,0.03270000161137432,0.0045000051613897085,0.49079999735113233
282,0.1803401871143692,431.0051015479412,0.042094800754385424,0.42094800754385425,0.2904767472070694,0.03659998765215278,0.07680000271648169,0.022599997464567423,0.1962000096682459,0.028399997972883284,0.0031999952625483274,0.36530000215861946
283,0.17851394483298594,428.9240522610718,0.04188238964555056,0.4188238964555057,0.287633544667376,0.0295999925583601,0.06430000939872116,0.02020000829361379,0.18950000230688602,0.02719998883549124,0.002800006768666208,0.33480000274721533
284,0.17670779821494115,426.8539816541122,0.04167115336975509,0.4167115336975509,0.2848200909854162,0.02849999873433262,0.06130000110715628,0.019899991457350552,0.18810000619851053,0.026399997295811772,0.0026999914553016424,0.32809999538585544
285,0.174921460819928,424.7948236127462,0.041461084750565286,0.41461084750565286,0.28203604211543987,0.028299997211433947,0.07129998994059861,0.02020000829361379,0.19079999765381217,0.026399997295811772,0.002800006768666208,0.340899990987964
286,0.17315468926540495,422.7465124733119,0.04125217668284805,0.4125217668284806,0.2792810585150293,0.02819999644998461,0.06080001185182482,0.01999999221879989,0.18879999697674066,0.02649999805726111,0.002700006007216871,0.32820001069922
287,0.17140724546949868,420.7089829723411,0.04104442210311488,0.4104442210311488,0.2765548050918064,0.0278999941656366,0.059600002714432776,0.019899991457350552,0.18790000467561185,0.026699999580159783,0.0025999906938523054,0.3259999939473346
288,0.16967892581249316,418.68322697228314,0.04083781398999579,0.40837813989995786,0.2738569513442081,0.027900008717551827,0.059300000430084765,0.019699989934451878,0.18740000086836517,0.0261999957729131,0.0026000052457675338,0.32390000706072897
289,0.16797049437774186,416.672951222783,0.04063234537065782,0.4063234537065782,0.27118717113269825,0.0278999941656366,0.059300000430084765,0.019700004486367106,0.18730000010691583,0.02649999805726111,0.0025999906938523054,0.3242999955546111
290,0.16628070079525664,414.67357817651134,0.04042800931565843,0.40428009315658436,0.26854514261109236,0.027999994927085936,0.05919999966863543,0.019700004486367106,0.19299999985378236,0.02649999805726111,0.0027999922167509794,0.33009999606292695
291,0.16460928854559667,412.68486418222784,0.04022479893871033,0.4022479893871034,0.2659305480649837,0.027900008717551827,0.059300000430084765,0.01960000372491777,0.1866000093286857,0.026600013370625675,0.0026999914553016424,0.3234000032534823
292,0.1629572241639381,410.7064828821864,0.040022707389464965,0.4002270738946497,0.2633430737592515,0.028000009479001164,0.05839999357704073,0.019700004486367106,0.18759998783934861,0.026500012609176338,0.0026000052457675338,0.32380000629927963
293,0.16132310594954352,408.7394940235654,0.03982172784670436,0.3982172784670436,0.26078241034252825,0.02780000795610249,0.058900011936202645,0.01959998917300254,0.18680001085158437,0.02670001413207501,0.002700006007216871,0.3234000032534823
294,0.15970668357594278,406.7829374609647,0.039621853552742094,0.3962185355274209,0.2582482524962928,0.027600006433203816,0.0594000011915341,0.019799990695901215,0.18689999706111848,0.1360000023851171,0.0030999945010989904,0.4337999998824671
295,0.1581077446916726,404.8365079845628,0.039423077792290886,0.39423077792290895,0.2557402988724828,0.032899988582357764,0.06320000102277845,0.019800005247816443,0.1897000038297847,0.026699999580159783,0.0027999922167509794,0.3360999980941415
296,0.1565260798063443,402.9001462841459,0.039225393892275855,0.39225393892275856,0.25325825189997403,0.0278999941656366,0.05950000195298344,0.01960000372491777,0.18769998860079795,0.02649999805726111,0.002800006768666208,0.3251000016462058
297,0.1549614822370653,400.9737931185582,0.03902879521449404,0.3902879521449404,0.25080181763870746,0.027600006433203816,0.05889999738428742,0.019699989934451878,0.18709999858401716,0.026699999580159783,0.0026000052457675338,0.32360000477638096
298,0.1534147922316459,399.05739065623567,0.03883327515370162,0.3883327515370162,0.24837070584990825,0.0278999941656366,0.059300000430084765,0.019700004486367106,0.18679999629966915,0.026599998818710446,0.0026999914553016424,0.3242999955546111
299,0.15188492737819256,397.1508813326709,0.03863882712944995,0.3863882712944995,0.24596463035789398,0.027599991881288588,0.05879999662283808,0.025500004994682968,0.23049999435897917,0.03950000973418355,0.004599991370923817,0.3878999996231869
300,0.1503715008426737,395.2542079565033,0.038445444619663253,0.38445444619663255,0.24358330881308146,0.030800001695752144,0.06600000779144466,0.020399995264597237,0.1914000022225082,0.026699999580159783,0.0026999914553016424,0.33909999183379114
